INSERT INTO `user` (`identifier`, `email`, `password`, `first_name`,
                    `last_name`, `birth_date`, `created_date`,
                    `last_modified_date`, `enabled`)
VALUES ('608d8b5a-e409-4fb7-aa18-443ae50bafba', 'user@covilo.com',
        '$2a$10$ZNPCyP1i8cIF1PiD/b73vO.BpAsgXtEhwKl.ClyVX.xKh.4i5YNyC',
        'Stefan', 'Topolski', '1999-09-14', '2010-01-04 19:40:19',
        NULL, TRUE),
       ('bb857ce8-ce6e-4e07-8258-22ff9ee2d0aa', 'administrator@covilo.com',
        '$2a$10$WYh3oPgQYRl4HijhhePqM.n5DJj3Zcnk9XyGKi20zoyfP7e3L6WmW',
        'Dominik', 'Malinowski', '1994-02-07', '2009-04-19 14:32:59',
        '2022-09-01 12:11:43', TRUE);

INSERT INTO `location_country` (`identifier`, `key`)
VALUES ('44658579-89da-4b38-b0eb-5c07614ebe4b', 'poland');

INSERT INTO `location_region` (`identifier`, `key`, `domestic_name`, `country`)
VALUES ('1af373f8-2ca4-4caa-a728-8727c7c18dd9', 'wielkopolskie',
        'wielkopolskie', '44658579-89da-4b38-b0eb-5c07614ebe4b'),
       ('22a7b589-f1fd-4795-b1e2-de87eb74a4cd', 'warminsko-mazurskie',
        'warmińsko-mazurskie', '44658579-89da-4b38-b0eb-5c07614ebe4b'),
       ('24a626c6-34ca-4455-a44f-27a847af7811', 'opolskie',
        'opolskie', '44658579-89da-4b38-b0eb-5c07614ebe4b'),
       ('28b4bbcf-49e6-463b-a5ad-f8cfec821a00', 'malopolskie',
        'małopolskie', '44658579-89da-4b38-b0eb-5c07614ebe4b'),
       ('2a39c721-96de-4ac5-bf6d-33224aea77c0', 'podlaskie',
        'podlaskie', '44658579-89da-4b38-b0eb-5c07614ebe4b'),
       ('67f1a427-affc-4b79-b6eb-06cdb56c9b95', 'pomorskie',
        'pomorskie', '44658579-89da-4b38-b0eb-5c07614ebe4b'),
       ('7f9d243b-ba90-469b-955d-12e5618caf5c', 'podkarpackie',
        'podkarpackie', '44658579-89da-4b38-b0eb-5c07614ebe4b'),
       ('87102b75-1829-4c3e-8f32-3fd5eb608915', 'lubelskie',
        'lubelskie', '44658579-89da-4b38-b0eb-5c07614ebe4b'),
       ('aa6bacf9-552a-4067-bae8-9ee8e54c5eb4', 'dolnoslaskie',
        'dolnośląskie', '44658579-89da-4b38-b0eb-5c07614ebe4b'),
       ('cbc69238-3a18-44ff-93e8-1bff72e7f548', 'swietokrzyskie',
        'świętokrzyskie', '44658579-89da-4b38-b0eb-5c07614ebe4b'),
       ('de5b0e69-5bc4-478e-9982-2eaf0be8b44c', 'lodzkie',
        'łódzkie', '44658579-89da-4b38-b0eb-5c07614ebe4b'),
       ('e0ccfea1-504d-4c21-b909-88bfe2ddf3fa', 'slaskie',
        'śląskie', '44658579-89da-4b38-b0eb-5c07614ebe4b'),
       ('ef459a6c-4bbb-4307-9949-a5a081fb35da', 'mazowieckie',
        'mazowieckie', '44658579-89da-4b38-b0eb-5c07614ebe4b'),
       ('fa47ea1e-4fb7-433e-b9f6-5ef9616388ca', 'kujawsko-pomorskie',
        'kujawsko-pomorskie', '44658579-89da-4b38-b0eb-5c07614ebe4b'),
       ('fbe9c89f-14de-4858-975b-d64347f8f2aa', 'lubuskie',
        'lubuskie', '44658579-89da-4b38-b0eb-5c07614ebe4b'),
       ('fcdf8723-7bb1-4b9f-b3dd-98f7827d521c', 'zachodniopomorskie',
        'zachodniopomorskie', '44658579-89da-4b38-b0eb-5c07614ebe4b');

INSERT INTO `location_city` (`identifier`, `key`, `domestic_name`, `region`,
                             `population`, `capital`)
VALUES ('0fb7ddc0-8d7f-4587-8483-7c70716deac2', 'warszawa',
        'Warszawa', 'ef459a6c-4bbb-4307-9949-a5a081fb35da',
        1792718, 'PRIMARY'),
       ('19201cd3-54bf-4140-99e8-844b2250d972', 'gdansk',
        'Gdańsk', '67f1a427-affc-4b79-b6eb-06cdb56c9b95',
        470633, 'ADMINISTRATIVE'),
       ('1d78ec2b-289d-4f9f-97f1-7de9ade1f3c6', 'bialystok',
        'Białystok', '2a39c721-96de-4ac5-bf6d-33224aea77c0',
        296401, 'ADMINISTRATIVE'),
       ('27cb7fec-1ee4-4404-b8fe-ca00fddec425', 'gorzow_wielkopolski',
        'Gorzów Wielkopolski', 'fbe9c89f-14de-4858-975b-d64347f8f2aa',
        121714, 'MINOR'),
       ('2e59d9f5-96f0-4321-8ba6-889139269300', 'olsztyn',
        'Olsztyn', '22a7b589-f1fd-4795-b1e2-de87eb74a4cd',
        170622, 'ADMINISTRATIVE'),
       ('3bf44966-75e0-40f0-a74f-98948371c972', 'poznan',
        'Poznań', '1af373f8-2ca4-4caa-a728-8727c7c18dd9',
        530464, 'ADMINISTRATIVE'),
       ('4132c863-f1d7-49d5-83ce-a9837b450508', 'krakow',
        'Kraków', '28b4bbcf-49e6-463b-a5ad-f8cfec821a00',
        780796, 'ADMINISTRATIVE'),
       ('64daef60-7b08-4618-8fc8-6582d46567df', 'zielona_gora',
        'Zielona Góra', 'fbe9c89f-14de-4858-975b-d64347f8f2aa',
        140708, 'ADMINISTRATIVE'),
       ('84272b82-e398-4647-a68e-91362348459d', 'lodz',
        'Łódź', 'de5b0e69-5bc4-478e-9982-2eaf0be8b44c',
        667923, 'ADMINISTRATIVE'),
       ('862c2ab8-958c-420c-ae2f-9f374e638743', 'rzeszow',
        'Rzeszów', '7f9d243b-ba90-469b-955d-12e5618caf5c',
        198476, 'ADMINISTRATIVE'),
       ('8b837f93-751d-4501-81dc-657b31572a76', 'kielce',
        'Kielce', 'cbc69238-3a18-44ff-93e8-1bff72e7f548',
        192468, 'ADMINISTRATIVE'),
       ('a7f2487b-676b-4b43-9856-a8a199fda10b', 'torun',
        'Toruń', 'fa47ea1e-4fb7-433e-b9f6-5ef9616388ca',
        197812, 'MINOR'),
       ('a8b5f38e-218c-41aa-a15c-cd05b0b02ab9', 'opole',
        'Opole', '24a626c6-34ca-4455-a44f-27a847af7811',
        127561, 'ADMINISTRATIVE'),
       ('ab126702-affa-4964-abd6-9461e73e1bcc', 'bydgoszcz',
        'Bydgoszcz', 'fa47ea1e-4fb7-433e-b9f6-5ef9616388ca',
        341692, 'ADMINISTRATIVE'),
       ('b451d797-f922-4cff-bd88-13bb74bc5279', 'wroclaw',
        'Wrocław', 'aa6bacf9-552a-4067-bae8-9ee8e54c5eb4',
        641201, 'ADMINISTRATIVE'),
       ('e191ff17-1492-4f65-b9f4-94f5853c8eb8', 'katowice',
        'Katowice', 'e0ccfea1-504d-4c21-b909-88bfe2ddf3fa',
        289162, 'ADMINISTRATIVE'),
       ('f64a8d63-5783-432c-a1a7-0c2b27dd2939', 'lublin',
        'Lublin', '87102b75-1829-4c3e-8f32-3fd5eb608915',
        337788, 'ADMINISTRATIVE'),
       ('fcc13f10-0762-4577-adcf-cac3ef6cceb2', 'szczecin',
        'Szczecin', 'fcdf8723-7bb1-4b9f-b3dd-98f7827d521c',
        396472, 'ADMINISTRATIVE');

INSERT INTO `crime_classification` (`identifier`, `key`)
VALUES ('2814acf3-b1ee-4d5b-9012-7f3b3a1af45c', 'misdemeanors'),
       ('558bb6ed-67da-4cca-b549-7913dc802832', 'felony-misdemeanors'),
       ('98a199cf-dc87-461a-af5a-a59cfad7e700', 'infractions'),
       ('fdecd885-9081-4794-9968-e75bb45f7ae9', 'felonies');

INSERT INTO `crime_perpetrator` (`identifier`, `first_name`, `last_name`, `age`,
                                 `caught`)
VALUES ('4bf3bb04-1607-4d0d-be2b-425d5d6f9b7c', 'Anna', 'Koziej', 21, 1),
       ('806c31c9-2eb7-4e30-9c02-b3ff16d0dfcc', 'Amadeusz', 'Winnicki', 36, 0),
       ('8e8eabef-0cef-4d55-934f-aeab6be6a1ef', 'Gustaw', 'Zawada', 21, 1),
       ('bae693ab-51f8-4df5-be6b-d594ce86f691', 'Józef', 'Stelmachowski', 67,
        0),
       ('d78c8752-6609-4f21-82ac-5cca51459aba', NULL, NULL, 21, 0);